NCT01369199	unclear
NCT01318200	unclear
NCT01257802	enrollment
NCT01308047	business_strategic
NCT01277367	unclear
NCT01348126	unclear
NCT01351792	unclear
NCT01348113	unclear
NCT01345630	efficacy_futility
NCT01303107	business_strategic
NCT01264887	other_operational
NCT01326078	business_strategic
NCT01362582	unclear
NCT01314859	unclear
NCT01315691	unclear
NCT01368679	unclear
NCT01320566	unclear
NCT01352039	unclear
NCT01315496	unclear
NCT01313572	unclear
NCT01437514	unclear
NCT01409044	unclear
NCT01420679	unclear
NCT01458236	unclear
NCT01408836	unclear
NCT01394913	business_strategic
NCT01419522	unclear
NCT01405014	unclear
NCT01439347	business_strategic
NCT01433861	not_started
NCT01442337	business_strategic
NCT01390220	unclear
NCT01378884	unclear
NCT01402544	business_strategic
NCT01465464	unclear
NCT01474122	business_strategic
NCT01555333	unclear
NCT01538459	unclear
NCT01460251	unclear
NCT01536418	unclear
NCT01497197	business_strategic
NCT01499693	unclear
NCT01545687	unclear
NCT01522040	unclear
NCT01529034	unclear
NCT01509053	unclear
NCT01461889	unclear
NCT01569503	unclear
NCT01553123	unclear
NCT01492920	not_started
NCT01533207	unclear
NCT01569360	unclear
NCT01655992	business_strategic
NCT01659658	business_strategic
NCT01597570	unclear
NCT01660893	unclear
NCT01605084	unclear
NCT01586845	unclear
NCT01641666	unclear
NCT01666249	other_operational
NCT01627925	unclear
NCT01676441	business_strategic
NCT01578785	enrollment
NCT01627379	unclear
NCT01662102	business_strategic
NCT01682590	unclear
NCT01782014	unclear
NCT01708629	business_strategic
NCT01727843	unclear
NCT01757262	unclear
NCT01708590	business_strategic
NCT01702701	unclear
NCT01692379	unclear
NCT01695616	unclear
NCT01706523	unclear
NCT01739348	unclear
NCT01786226	unclear
NCT01786538	unclear
NCT01776892	unclear
NCT01773187	unclear
NCT01709240	business_strategic
NCT01710566	unclear
NCT01778855	unclear
NCT01685151	business_strategic
NCT01708603	business_strategic
NCT01774578	unclear
NCT01695759	unclear
NCT01810900	unclear
NCT01866930	business_strategic
NCT01875653	unclear
NCT01836432	business_strategic
NCT01884038	unclear
NCT01830348	unclear
NCT01796444	unclear
NCT01870687	unclear
NCT01860742	unclear
NCT01795729	unclear
NCT01858532	business_strategic
NCT01837927	unclear
NCT01849965	unclear
NCT01840085	unclear
NCT01874093	unclear
NCT01821040	unclear
NCT01803412	unclear
NCT01813253	unclear
NCT01940887	unclear
NCT01953601	other_operational
NCT01975376	business_strategic
NCT01890200	unclear
NCT01907763	unclear
NCT01908933	unclear
NCT01952847	other_operational
NCT01936688	unclear
NCT01920087	unclear
NCT01965145	unclear
NCT01972477	unclear
NCT01913912	unclear
NCT01971541	unclear
NCT01940900	unclear
NCT01944839	unclear
NCT01908192	unclear
NCT01975389	business_strategic
NCT02144610	unclear
NCT02127697	unclear
NCT02029495	business_strategic
NCT02153632	enrollment
NCT02055781	unclear
NCT01980498	unclear
NCT02138591	unclear
NCT02153645	enrollment
