NCT00430742	business_strategic
NCT02149277	enrollment
NCT00989339	other_operational
NCT00170742	unclear
NCT03353454	business_strategic
NCT03940690	efficacy_futility
NCT05791097	business_strategic
NCT01226823	regulatory
NCT00404209	unclear
NCT04483687	business_strategic
NCT03163459	unclear
NCT01405573	enrollment
NCT02165813	enrollment
NCT01013623	enrollment
NCT00229710	business_strategic
NCT05135546	enrollment
NCT04853927	business_strategic
NCT00128817	enrollment
NCT00337740	efficacy_futility
NCT05056779	other_operational
NCT02091479	enrollment
NCT02183727	efficacy_futility
NCT05039359	efficacy_futility
NCT01969123	regulatory
NCT03183596	other_operational
NCT03637335	enrollment
NCT05584332	business_strategic
NCT01661322	efficacy_positive
NCT00156572	enrollment
NCT01794247	enrollment
NCT03649035	unclear
NCT03806049	funding
NCT00064649	enrollment
NCT03749590	external_evidence
NCT00633568	enrollment
NCT03469050	unclear
NCT04345289	efficacy_futility
NCT00803868	safety
NCT04409223	business_strategic
NCT00345059	enrollment
NCT02091661	enrollment
NCT02605070	enrollment
NCT01515020	enrollment
NCT04870073	funding
NCT03619005	enrollment
NCT02269696	unclear
NCT01518959	enrollment
NCT01638988	external_evidence
NCT01622803	enrollment
NCT01318161	enrollment
NCT00608231	other_operational
NCT00308022	other_operational
NCT01580683	funding
NCT02582190	supply_manufacturing
NCT05356403	business_strategic
NCT04707703	enrollment
NCT00911027	efficacy_futility
NCT04140305	business_strategic
NCT03765541	enrollment
NCT01119079	enrollment
NCT01713803	regulatory
NCT05134194	business_strategic
NCT06504966	business_strategic
NCT00744913	enrollment
NCT03052361	enrollment
NCT00379366	enrollment
NCT00352079	enrollment
NCT02803073	enrollment
NCT00223041	enrollment
NCT01066741	enrollment
NCT05611372	enrollment
NCT03015831	efficacy_futility
NCT04359953	enrollment
NCT00073372	safety
NCT02664077	enrollment
NCT05137795	unclear
NCT01356329	enrollment
NCT00869973	enrollment
NCT05085366	efficacy_futility
NCT04137978	business_strategic
NCT00528008	unclear
NCT03476928	business_strategic
NCT00313365	other_operational
NCT05304598	enrollment
NCT04147871	business_strategic
NCT05709093	business_strategic
NCT05564338	business_strategic
NCT00152698	unclear
NCT00923793	enrollment
NCT00532038	unclear
NCT04743739	enrollment
NCT00127881	external_evidence
NCT03814109	unclear
NCT01174979	enrollment
NCT04567173	enrollment
NCT01654042	funding
NCT00543205	enrollment
NCT04342182	external_evidence
NCT02069288	supply_manufacturing
NCT05024903	enrollment
NCT03355768	funding
NCT00699361	funding
NCT03768869	efficacy_futility
NCT00742482	safety
NCT00450970	business_strategic
NCT00997490	efficacy_positive
NCT01820520	unclear
NCT00540280	other_operational
NCT00400088	enrollment
NCT00725023	enrollment
NCT02326779	unclear
NCT00396487	enrollment
NCT02176538	business_strategic
NCT03474458	enrollment
NCT05181995	unclear
NCT01644201	enrollment
NCT03334487	business_strategic
NCT04796922	business_strategic
NCT01747993	enrollment
NCT04172363	other_operational
NCT00839033	enrollment
NCT00310232	safety
NCT05142904	funding
NCT00090129	safety
NCT01288131	efficacy_positive
NCT03954639	unclear
NCT04557475	other_operational
NCT00762957	safety
NCT04910269	efficacy_futility
NCT00236002	enrollment
NCT03290053	enrollment
NCT00221637	enrollment
NCT04485429	supply_manufacturing
NCT05259137	other_operational
NCT01592630	other_operational
NCT05258851	enrollment
NCT01452295	enrollment
NCT01564095	efficacy_futility
NCT05171075	unclear
NCT00881257	efficacy_futility
NCT03422419	funding
NCT03483753	funding
NCT00759057	regulatory
NCT04141371	supply_manufacturing
NCT00003599	unclear
NCT05242432	business_strategic
NCT02775006	enrollment
NCT04816071	other_operational
NCT03682393	unclear
NCT04250311	other_operational
NCT05065411	business_strategic
NCT02074007	efficacy_futility
NCT01971320	enrollment
NCT05964413	efficacy_futility
NCT02706015	business_strategic
NCT03997097	business_strategic
NCT00005113	enrollment
NCT04825860	business_strategic
NCT01450878	enrollment
NCT00971776	business_strategic
NCT03184415	efficacy_futility
NCT03717038	other_operational
NCT02591017	enrollment
NCT01518348	other_operational
NCT05403580	enrollment
NCT03090880	enrollment
NCT01202630	enrollment
NCT03760965	business_strategic
NCT01422928	regulatory
NCT01210365	other_operational
NCT00638326	other_operational
NCT04390594	enrollment
NCT03664141	regulatory
NCT00682656	efficacy_futility
NCT00935753	other_operational
NCT01106053	enrollment
NCT06828861	other_operational
NCT02849951	efficacy_futility
NCT04775329	enrollment
NCT03331146	external_evidence
NCT03227562	enrollment
NCT04817761	unclear
NCT02532153	funding
NCT02975570	funding
NCT00622570	enrollment
NCT03529929	unclear
NCT02567279	enrollment
NCT00460161	enrollment
NCT04257656	covid
NCT05517447	efficacy_futility
NCT01830101	funding
NCT02644252	enrollment
NCT05378763	other_operational
NCT02260349	other_operational
NCT00684216	enrollment
NCT04187547	other_operational
NCT02933814	enrollment
NCT01145326	regulatory
NCT01311271	other_operational
NCT03905343	enrollment
NCT03315832	other_operational
NCT00350948	business_strategic
NCT00591916	external_evidence
NCT00417833	enrollment
NCT00315549	business_strategic
NCT03077633	business_strategic
NCT03693105	funding
NCT00736294	enrollment
NCT01494090	enrollment
NCT00140660	enrollment
NCT00464061	efficacy_futility
NCT03172741	unclear
NCT02654405	funding
NCT04455802	funding
NCT00981266	business_strategic
NCT04978324	other_operational
NCT02633761	funding
NCT03544073	funding
NCT00528502	enrollment
NCT00204152	other_operational
NCT02453490	enrollment
NCT06425159	unclear
NCT04386980	other_operational
NCT00405808	regulatory
NCT01138540	efficacy_futility
NCT05144360	business_strategic
NCT07213960	business_strategic
NCT01786824	enrollment
NCT04006691	enrollment
NCT00662779	enrollment
NCT03926624	efficacy_futility
NCT00403182	unclear
NCT05632783	unclear
NCT00823342	safety
NCT00828386	enrollment
NCT02736435	other_operational
NCT00307918	enrollment
NCT02100618	enrollment
NCT05637710	business_strategic
NCT02359162	external_evidence
NCT05292976	business_strategic
NCT01333761	other_operational
NCT00130494	enrollment
NCT01676441	unclear
NCT00318331	enrollment
NCT00551395	enrollment
NCT05330884	other_operational
NCT00208221	enrollment
NCT06878833	business_strategic
NCT00458081	regulatory
NCT00723411	efficacy_futility
NCT00397098	business_strategic
NCT00361907	regulatory
NCT04477993	enrollment
NCT00226330	business_strategic
NCT03371498	enrollment
NCT04371107	regulatory
NCT05965492	supply_manufacturing
NCT00074763	enrollment
NCT00269607	enrollment
NCT03569007	unclear
NCT04606563	efficacy_futility
NCT04311112	business_strategic
NCT02726867	enrollment
NCT03127800	enrollment
NCT01740375	enrollment
NCT04520412	covid
NCT04662528	unclear
NCT01442207	enrollment
NCT04000919	other_operational
NCT00068744	enrollment
NCT04970719	enrollment
NCT00460967	funding
NCT00232167	unclear
NCT01038739	efficacy_futility
NCT02929576	external_evidence
NCT03791918	enrollment
NCT01637168	business_strategic
NCT05306574	business_strategic
NCT02699385	efficacy_futility
NCT04193878	efficacy_futility
NCT00772785	unclear
NCT02669238	enrollment
NCT05036135	efficacy_futility
NCT00417716	enrollment
NCT00592306	enrollment
NCT04274452	other_operational
NCT00752375	enrollment
NCT00322257	unclear
NCT03010865	other_operational
NCT00247975	enrollment
NCT03602781	unclear
NCT01761201	enrollment
NCT03255330	enrollment
NCT00214565	business_strategic
NCT05343754	enrollment
NCT00006451	enrollment
NCT04842331	covid
NCT00999245	enrollment
NCT06011577	business_strategic
