NCT01746602	unclear
NCT01659021	safety
NCT01739348	unclear
NCT01786226	unclear
NCT01773187	unclear
NCT01641939	unclear
NCT01770379	unclear
NCT01680107	unclear
NCT01682590	efficacy_futility
NCT01940887	unclear
NCT01961804	unclear
NCT01929317	unclear
NCT02078986	unclear
NCT02055781	unclear
NCT01965145	efficacy_futility
NCT01940900	unclear
NCT01907100	unclear
NCT01944839	unclear
NCT01892345	efficacy_positive
NCT02291237	unclear
NCT02502799	unclear
NCT02354144	unclear
NCT02247531	unclear
NCT02438007	unclear
NCT02375685	efficacy_futility
NCT02015637	unclear
NCT02263508	unclear
NCT02158936	unclear
NCT02131272	unclear
NCT02247479	unclear
NCT03273153	unclear
NCT02599077	unclear
NCT02853604	unclear
NCT02574156	unclear
NCT02596893	efficacy_futility
NCT02927249	efficacy_futility
NCT02728310	unclear
NCT03633526	unclear
NCT03033511	unclear
NCT03163459	unclear
NCT03447262	unclear
NCT03316339	unclear
NCT02901626	unclear
NCT02365493	unclear
NCT02770729	unclear
NCT02728323	unclear
NCT05643573	efficacy_futility
NCT03944512	unclear
